Workbook

Sheet Complete Assembly List
A1: COMPLETE ASSEMBLY LIST
A2: *NOTE: Assembly details and component lists can be found within the sub-sheet of the same name. Costs are estimates only and do not include labor.
A3: Type | B3: Subtype | C3: Component/Assembly | D3: Name | E3: Use | F3: QTY | G3: Approx Cost | H3: Notes
A4: Case | B4: Back Panel | C4: Assembly | D4: Heat/Power/Pressure Panel | E4: Vertical aluminum panel to support bar graph lights | F4: 1 | G4: ='HPP Panel'!E6 -> 29.5
A5: Case | B5: Back Panel | C5: Assembly | D5: Monitor Panel | E5: Vertical aluminum panel to support GUI monitor | F5: 1 | G5: ='Monitor Panel'!E4 -> 32
A6: Case | B6: Back Panel | C6: Assembly | D6: Siren Panel | E6: Vertical aluminum panel to support meltdown siren | F6: 1 | G6: ='Siren Panel'!E6 -> 41
A7: Case | B7: Control Panel | C7: Assembly | D7: Indicator | E7: Aluminum panel to contain hazard/warning indicator lights | F7: 1 | G7: ='Indicator Control Panel'!F12 -> 41
A8: Case | B8: Control Panel | C8: Assembly | D8: Reactor Control | E8: Aluminum panel to contain reactor controls for parameters such as Liquid Zone Control level, Adjuster Rods position, etc | F8: 1 | G8: ='Reactor Control Panel'!F17 -> 54.35
A9: Case | B9: Control Panel | C9: Assembly | D9: SCRAM | E9: Alumimun panel to contain Reactor SCRAM controls | F9: 1 | G9: ='SCRAM Control Panel'!F9 -> 35.05
A10: Case | B10: Control Panel | C10: Assembly | D10: Simulation Control | E10: Aluminum panel to contain simulation controls for parameters such as pause, play, simulation speed, etc | F10: 1 | G10: ='Simulation Control Panel'!F16 -> 57.8
A11: Case | B11: Structure | C11: Assembly | D11: Simulator Base | E11: Provides mounting points for simulator case, circuitry, and other components | F11: 1 | G11: ='Simulator Base'!E8 -> 39 | H11: 5/16" thickness minimum - other dimensions and hole pattern as per SolidWorks file
A12: Case | B12: Structure | C12: Assembly | D12: Mounting Hardware | E12: Plates and components required to interconnect case panels | F12: 1 | G12: ='Mounting Hardware'!E17 -> 48.7
A13: Electrical | B13: Circuit | C13: Assembly | D13: Bar Graph | E13: Takes DAC output and converts to scaling bar graph lights | F13: 2 | G13: ='Bar Graph Circuit'!E20*2 -> 40.6
A14: Electrical | B14: Circuit | C14: Assembly | D14: Pull Down | E14: Pulls toggle/momentary/logic pins to 0V to prevent floating input errors | F14: 1 | G14: ='Pull Down Circuit'!E8 -> 11.25
A15: Electrical | B15: Circuit | C15: Assembly | D15: Selector Switch | E15: Converts multi-output selector switch to single pin GPIO input | F15: 1 | G15: ='Selector Switch Circuit'!E9 -> 11.1
A16: Electrical | B16: Circuit | C16: Assembly | D16: Siren Trigger | E16: Allows Raspberry Pi to trigger 12V siren with low power 3.3V | F16: 1 | G16: ='Siren Trigger Circuit'!E12 -> 8.7
A17: Electrical | B17: Terminal | C17: Component | D17: Conn Barrier Strip | E17: Local Voltage/Ground Mustering Point | F17: 4 | G17: 10 | H17: 10 position - 0.374" - 1 for each third of the simulator triptych and 1 at rear for Pi and accessories
A18: Electrical | B18: Terminal | C18: Component | D18: D-SUB Connector (Female) | E18: Provides quick connect/disconnect signal and power passthrough between Pi and controls | F18: 1 | G18: 2.5 | H18: 50-Pin
A19: Electrical | B19: Terminal | C19: Component | D19: D-SUB Connector (Male) | E19: Provides quick connect/disconnect signal and power passthrough between Pi and controls | F19: 1 | G19: 2.5 | H19: 50-Pin
A20: Electrical | B20: Power | C20: Component | D20: Power Cable | E20: Provides 120VAC wall power to power supply | F20: 1 | G20: 5 | H20: 3-Pin 120VAC plug to bare wire or fork terminal - Connect directly to power supply or through rated toggle switch
A21: Electrical | B21: Power | C21: Component | D21: Power Supply | E21: Powers all simulator functions except montior | F21: 1 | G21: 75 | H21: 120VAC to Dual Output 5VDC/12VDC
A22: Electrical | B22: Power | C22: Assembly | D22: Wiring Harness | E22: Connects all panels to central D-SUB Passthrough | F22: 1 | G22: ='Wiring Harness'!E15 -> 39.25
A23: Electrical | B23: Computation | C23: Component | D23: Raspberry Pi 5 | E23: Hosts Simulation. Processes Analog IO | F23: 1 | G23: 250
A24: Electrical | B24: Raspberry Pi Module | C24: Component | D24: ADC/DAC | E24: Allows Pi to Process Continuous IO | F24: 1 | G24: 60
A25: Electrical | B25: Raspberry Pi Module | C25: Component | D25: Micro HDMI to HDMI + Power | E25: Allows Pi to accept standard HDMI interface. Enables Pi to run off 5V Power Supply | F25: 1 | G25: 20
A26: Peripheral | B26: GUI | C26: Component | D26: Monitor | E26: Displays GUI | F26: 1 | G26: 150 | H26: 27" minimum for proper fitment in panel cutout
A27: Peripheral | B27: GUI | C27: Component | D27: Monitor Arm | E27: Holds monitor in place while still allowing for repositioning | F27: 1 | G27: 50
A28: Peripheral | B28: GUI | C28: Component | D28: Mouse | E28: Initialize Reactor Simulator (Not required while simulation is running) | F28: 1 | G28: 10
A31: Approximate Total Simulator Cost | C31: =SUM(Table3[Approx Cost]) -> 1124.3

Sheet Indicator Control Panel
A1: Indicator Control Panel - Part List
A2: Name | B2: Use | C2: Voltage | D2: QTY | E2: Approx Per Unit Cost | F2: Approx Cost | G2: Notes
A3: 3mm Discrete LED Bulb | B3: Simulator analog indication - warning lights | C3: 3.3 | D3: 20 | E3: 0.5 | F3: =Table33[[#This Row],[QTY]]*Table33[[#This Row],[Approx Per Unit Cost]] -> 10
A4: 3mm LED Panel Mount | B4: Mount lights to control panel | C4: - | D4: 20 | E4: 0.5 | F4: =Table33[[#This Row],[QTY]]*Table33[[#This Row],[Approx Per Unit Cost]] -> 10
A5: 10-Pin Molex Connector (Male) | B5: Quick Disconnect between panel and simulator | C5: - | D5: 4 | E5: 1.25 | F5: =Table33[[#This Row],[QTY]]*Table33[[#This Row],[Approx Per Unit Cost]] -> 5 | G5: 2 for signal, 2 for ground
A6: 16ga Aluminum Sheet | B6: Control Mounting | C6: - | D6: 1 | E6: 10 | F6: =Table33[[#This Row],[QTY]]*Table33[[#This Row],[Approx Per Unit Cost]] -> 10 | G6: Dimensioned as per Solidworks file. Assumes Aluminum price of $5 per square foot
A7: Heat Shrink 1/8" | B7: Isolation | C7: - | D7: 1 | E7: 1 | F7: =Table33[[#This Row],[QTY]]*Table33[[#This Row],[Approx Per Unit Cost]] -> 1 | G7: 1-2ft, 2:1 shrink ratio sufficient
A8: Heat Shrink 1/4" | B8: Isolation | C8: - | D8: 1 | E8: 1 | F8: =Table33[[#This Row],[QTY]]*Table33[[#This Row],[Approx Per Unit Cost]] -> 1 | G8: 1-2ft, 2:1 shrink ratio sufficient
A9: Wire | B9: 20-22AWG | C9: - | D9: 10 | E9: 0.3 | F9: =Table33[[#This Row],[QTY]]*Table33[[#This Row],[Approx Per Unit Cost]] -> 3 | G9: 10ft - Four separate colors prefered (12V, 5V, Signal, Ground)
A10: 820 kΩ Resistor | B10: LED Resistance | C10: 3.3 | D10: 20 | E10: 0.05 | F10: =Table33[[#This Row],[QTY]]*Table33[[#This Row],[Approx Per Unit Cost]] -> 1 | G10: Assumes Red LED: Forward Voltage 1.75V and Current 2mA
E12: Approximate Total Cost | F12: =SUM(Table33[Approx Cost]) -> 41

Sheet Reactor Control Panel
A1: Reactor Control Panel - Part List
A2: Name | B2: Use | C2: Voltage | D2: QTY | E2: Approx Per Unit Cost | F2: Approx Cost | G2: Notes
A3: Rotatry Potentiometer | B3: Analog Simulator Inputs | C3: 12 | D3: 4 | E3: 2.5 | F3: =Table335[[#This Row],[QTY]]*Table335[[#This Row],[Approx Per Unit Cost]] -> 10
A4: Rotatry Potentiometer Cap | B4: Simulator Control Surface | C4: - | D4: 4 | E4: 0.75 | F4: =Table335[[#This Row],[QTY]]*Table335[[#This Row],[Approx Per Unit Cost]] -> 3
A5: Slider Potentiometer | B5: Analog Simulator Inputs | C5: 12 | D5: 3 | E5: 6 | F5: =Table335[[#This Row],[QTY]]*Table335[[#This Row],[Approx Per Unit Cost]] -> 18
A6: Slider Potentiometer Cap | B6: Simulator Control Surface | C6: - | D6: 3 | E6: 1 | F6: =Table335[[#This Row],[QTY]]*Table335[[#This Row],[Approx Per Unit Cost]] -> 3
A7: 3-Pin Molex Connector (Male) | B7: Quick Disconnect between panel and simulator | C7: - | D7: 1 | E7: 1.25 | F7: =Table335[[#This Row],[QTY]]*Table335[[#This Row],[Approx Per Unit Cost]] -> 1.25 | G7: Slider pots signal out
A8: 4-Pin Molex Connector (Male) | B8: Quick Disconnect between panel and simulator | C8: - | D8: 1 | E8: 1.25 | F8: =Table335[[#This Row],[QTY]]*Table335[[#This Row],[Approx Per Unit Cost]] -> 1.25 | G8: Rotary pots signal out
A9: 8-Pin Molex Connector (Male) | B9: Quick Disconnect between panel and simulator | C9: - | D9: 2 | E9: 1.25 | F9: =Table335[[#This Row],[QTY]]*Table335[[#This Row],[Approx Per Unit Cost]] -> 2.5 | G9: 1 for common 12V supply, 1 for common ground
A10: 16ga Aluminum Sheet | B10: Control Mounting | C10: - | D10: 1 | E10: 10 | F10: =Table335[[#This Row],[QTY]]*Table335[[#This Row],[Approx Per Unit Cost]] -> 10 | G10: Dimensioned as per Solidworks file. Assumes Aluminum price of $5 per square foot
A11: Heat Shrink 1/8" | B11: Isolation | C11: - | D11: 1 | E11: 1 | F11: =Table335[[#This Row],[QTY]]*Table335[[#This Row],[Approx Per Unit Cost]] -> 1 | G11: 1-2ft, 2:1 shrink ratio sufficient
A12: Heat Shrink 1/4" | B12: Isolation | C12: - | D12: 1 | E12: 1 | F12: =Table335[[#This Row],[QTY]]*Table335[[#This Row],[Approx Per Unit Cost]] -> 1 | G12: 1-2ft, 2:1 shrink ratio sufficient
A13: Wire | B13: 20-22AWG | C13: - | D13: 10 | E13: 0.3 | F13: =Table335[[#This Row],[QTY]]*Table335[[#This Row],[Approx Per Unit Cost]] -> 3 | G13: 10ft - Four separate colors prefered (12V, 5V, Signal, Ground)
A14: 30 kΩ Resistance | B14: Convert 12V Slider Input to output 0-3V | C14: 12 | D14: 3 | E14: 0.05 | F14: =Table335[[#This Row],[QTY]]*Table335[[#This Row],[Approx Per Unit Cost]] -> 0.15
A15: 750 kΩ Resistance | B15: Convert 12V Potentiometer Input to output 0-3V | C15: 12 | D15: 4 | E15: 0.05 | F15: =Table335[[#This Row],[QTY]]*Table335[[#This Row],[Approx Per Unit Cost]] -> 0.2
E17: Approximate Total Cost | F17: =SUM(Table335[Approx Cost]) -> 54.35
J25: =3/4 -> 0.75

Sheet SCRAM Control Panel
A1: SCRAM Control Panel - Part List
A2: Name | B2: Use | C2: Voltage | D2: QTY | E2: Approx Per Unit Cost | F2: Approx Cost | G2: Notes
A3: Lit Emergency Stop Slap Switch | B3: Simulator analog control | C3: 5 | D3: 2 | E3: 10 | F3: =Table3356[[#This Row],[Approx Per Unit Cost]]*Table3356[[#This Row],[QTY]] -> 20 | G3: Wire so that switch light in series with switch contact
A4: 2-Pin Molex Connector (Male) | B4: Quick Disconnect between panel and simulator | C4: - | D4: 3 | E4: 1.25 | F4: =Table3356[[#This Row],[Approx Per Unit Cost]]*Table3356[[#This Row],[QTY]] -> 3.75 | G4: 1 for both switch outputs, 1 for common 5V supply, 1 for common ground
A5: 16ga Aluminum Sheet | B5: Control Mounting | C5: - | D5: 1 | E5: 10 | F5: =Table3356[[#This Row],[Approx Per Unit Cost]]*Table3356[[#This Row],[QTY]] -> 10 | G5: Dimensioned as per Solidworks file. Assumes Aluminum price of $5 per square foot
A6: Wire | B6: 20-22AWG | C6: - | D6: 4 | E6: 0.3 | F6: =Table3356[[#This Row],[Approx Per Unit Cost]]*Table3356[[#This Row],[QTY]] -> 1.2 | G6: 4ft - Four separate colors prefered (12V, 5V, Signal, Ground)
A7: 680 kΩ Resistance | B7: Convert 5V switch output 3V | C7: 5 | D7: 2 | E7: 0.05 | F7: =Table3356[[#This Row],[Approx Per Unit Cost]]*Table3356[[#This Row],[QTY]] -> 0.1 | G7: Attach resistor to power supply lead of switch - signal lead must be connected to Pi through Pulldown circuit.
E9: Approx Total Cost | F9: =SUM(Table3356[Approx Cost]) -> 35.05

Sheet Simulation Control Panel
A1: Simulator Control Panel - Part List
A2: Name | B2: Use | C2: Voltage | D2: QTY | E2: Approx Per Unit Cost | F2: Approx Cost | G2: Notes
A3: Rotatry Potentiometer | B3: Analog Simulator Inputs | C3: 12 | D3: 2 | E3: 2.5 | F3: =Table33567[[#This Row],[Approx Per Unit Cost]]*Table33567[[#This Row],[QTY]] -> 5
A4: Rotatry Potentiometer Cap | B4: Simulator Control Surface | C4: - | D4: 2 | E4: 0.75 | F4: =Table33567[[#This Row],[Approx Per Unit Cost]]*Table33567[[#This Row],[QTY]] -> 1.5
A5: Selector Switch | B5: Analog Simulator Inputs | C5: 5 | D5: 2 | E5: 10 | F5: =Table33567[[#This Row],[Approx Per Unit Cost]]*Table33567[[#This Row],[QTY]] -> 20
A6: Selector Switch Cap | B6: Simulator Control Surface | C6: - | D6: 2 | E6: 1 | F6: =Table33567[[#This Row],[Approx Per Unit Cost]]*Table33567[[#This Row],[QTY]] -> 2
A7: Toggle Switch | B7: Analog Simulator Inputs | C7: 5 | D7: 7 | E7: 2 | F7: =Table33567[[#This Row],[Approx Per Unit Cost]]*Table33567[[#This Row],[QTY]] -> 14
A8: 10-Pin Molex Connector (Male) | B8: Quick Disconnect between panel and simulator | C8: - | D8: 2 | E8: 1.25 | F8: =Table33567[[#This Row],[Approx Per Unit Cost]]*Table33567[[#This Row],[QTY]] -> 2.5
A9: 16ga Aluminum Sheet | B9: Control Mounting | C9: - | D9: 1 | E9: 10 | F9: =Table33567[[#This Row],[Approx Per Unit Cost]]*Table33567[[#This Row],[QTY]] -> 10 | G9: Dimensioned as per Solidworks file. Assumes Aluminum price of $5 per square foot
A10: Heat Shrink 1/8" | B10: Isolation | C10: - | D10: 1 | E10: 1 | F10: =Table33567[[#This Row],[Approx Per Unit Cost]]*Table33567[[#This Row],[QTY]] -> 1 | G10: 1-2ft, 2:1 shrink ratio sufficient
A11: Heat Shrink 1/4" | B11: Isolation | C11: - | D11: 1 | E11: 1 | F11: =Table33567[[#This Row],[Approx Per Unit Cost]]*Table33567[[#This Row],[QTY]] -> 1 | G11: 1-2ft, 2:1 shrink ratio sufficient
A12: 680 kΩ Resistance | B12: Convert 5V switch output 3V | C12: 5 | D12: 6 | E12: 0.05 | F12: =Table33567[[#This Row],[Approx Per Unit Cost]]*Table33567[[#This Row],[QTY]] -> 0.3 | G12: Attach resistor to power supply lead of switch - signal lead must be connected to Pi through Pulldown circuit.
A13: 750 kΩ Resistance | B13: Convert 12V Potentiometer Input to output 0-3V | C13: 12 | D13: 4 | E13: 0.05 | F13: =Table33567[[#This Row],[Approx Per Unit Cost]]*Table33567[[#This Row],[QTY]] -> 0.2
A14: Wire | B14: 20-22AWG | C14: - | D14: 1 | E14: 0.3 | F14: =Table33567[[#This Row],[Approx Per Unit Cost]]*Table33567[[#This Row],[QTY]] -> 0.3 | G14: 20ft - Four separate colors prefered (12V, 5V, Signal, Ground)
E16: Approx Total Cost | F16: =SUM(Table33567[Approx Cost]) -> 57.8

Sheet Simulator Base
A1: Simulator Base - Part List
A2: Name | B2: Use | C2: QTY | D2: Approx Per Unit Cost | E2: Approx Cost | F2: Notes
A3: Hanger Bolts | B3: Case Mounting Point | C3: 20 | D3: 0.15 | E3: =Table335678910111213[[#This Row],[Approx Per Unit Cost]]*Table335678910111213[[#This Row],[QTY]] -> 3 | F3: M4 x 25mm
A4: Washer | B4: Mounting Hardware | C4: 20 | D4: 0.05 | E4: =Table335678910111213[[#This Row],[Approx Per Unit Cost]]*Table335678910111213[[#This Row],[QTY]] -> 1 | F4: M4
A5: Wing Nut | B5: Mounting Hardware | C5: 20 | D5: 0.25 | E5: =Table335678910111213[[#This Row],[Approx Per Unit Cost]]*Table335678910111213[[#This Row],[QTY]] -> 5 | F5: M4
A6: Plywood | B6: Simulator Base | C6: 1 | D6: 30 | E6: =Table335678910111213[[#This Row],[Approx Per Unit Cost]]*Table335678910111213[[#This Row],[QTY]] -> 30 | F6: 5/16" minimum - complete dimensions and hole pattern available in SolidWorks file
D8: Approx Total Cost | E8: =SUM(Table335678910111213[Approx Cost]) -> 39

Sheet Monitor Panel
A1: Monitor Panel - Part List
A2: Name | B2: Use | C2: QTY | D2: Approx Per Unit Cost | E2: Approx Cost | F2: Notes
A3: 14ga Aluminum Sheet | C3: 4 | D3: 8 | E3: =Table33567891011121315[[#This Row],[Approx Per Unit Cost]]*Table33567891011121315[[#This Row],[QTY]] -> 32 | F3: Dimensioned as per Solidworks file. Assumes Aluminum price of $8 per square foot
D4: Approx Total Cost | E4: =SUM(Table33567891011121315[Approx Cost]) -> 32

Sheet Siren Panel
A1: Siren Panel - Part List
A2: Name | B2: Use | C2: QTY | D2: Approx Per Unit Cost | E2: Approx Cost | F2: Notes
A3: Beacon w/ Siren | B3: Alarm | C3: 1 | D3: 25 | E3: =Table3356789101112131516[[#This Row],[Approx Per Unit Cost]]*Table3356789101112131516[[#This Row],[QTY]] -> 25 | F3: Beacon Preferred. Avoid strobe.
A4: 14ga Aluminum Sheet | B4: Simulator Base | C4: 2 | D4: 8 | E4: =Table3356789101112131516[[#This Row],[Approx Per Unit Cost]]*Table3356789101112131516[[#This Row],[QTY]] -> 16 | F4: Dimensioned as per Solidworks file. Assumes Aluminum price of $8 per square foot
D6: Approx Total Cost | E6: =SUM(Table3356789101112131516[Approx Cost]) -> 41

Sheet HPP Panel
A1: Heat/Power/Pressure Panel - Part List
A2: Name | B2: Use | C2: QTY | D2: Approx Per Unit Cost | E2: Approx Cost | F2: Notes
A3: Trailer Side Clearance/Marker LEDs - Amber | B3: Bar Graph Indication | C3: 18 | D3: 0.75 | E3: =Table335678910111213151617[[#This Row],[Approx Per Unit Cost]]*Table335678910111213151617[[#This Row],[QTY]] -> 13.5 | F3: 3/4" dia - 12VDC
A4: 14ga Aluminum Sheet | C4: 2 | D4: 8 | E4: =Table335678910111213151617[[#This Row],[Approx Per Unit Cost]]*Table335678910111213151617[[#This Row],[QTY]] -> 16 | F4: Dimensioned as per Solidworks file. Assumes Aluminum price of $5 per square foot
D6: Approx Total Cost | E6: =SUM(Table335678910111213151617[Approx Cost]) -> 29.5

Sheet Mounting Hardware
A1: Mounting Hardware - Part List
A2: Name | B2: Use | C2: QTY | D2: Approx Cost Per Unit | E2: Approx Cost | F2: Notes
A3: Angle Bracket | B3: Ties vertical panels together | C3: 2 | D3: 0.1 | E3: =Table33567891011121314[[#This Row],[Approx Cost Per Unit]]*Table33567891011121314[[#This Row],[QTY]] -> 0.2 | F3: 150° bend - 16ga aluminum preferred
A4: Bottom Panel Mount - Center | B4: Mounting Plate | C4: 1 | D4: 5 | E4: =Table33567891011121314[[#This Row],[Approx Cost Per Unit]]*Table33567891011121314[[#This Row],[QTY]] -> 5 | F4: Dimensions, bend angle, and hole pattern as per Solidworks file
A5: Bottom Panel Mount - Wing | B5: Mounting Plate | C5: 2 | D5: 5 | E5: =Table33567891011121314[[#This Row],[Approx Cost Per Unit]]*Table33567891011121314[[#This Row],[QTY]] -> 10 | F5: Dimensions, bend angle, and hole pattern as per Solidworks file
A6: Machine Screw - Cheesehead - M3 | B6: Bracket Mounting | C6: 4 | D6: 0.1 | E6: =Table33567891011121314[[#This Row],[Approx Cost Per Unit]]*Table33567891011121314[[#This Row],[QTY]] -> 0.4 | F6: Slotted - 0.25" Long - Cheesehead for aesthetics only. Substitute with whatever you like
A7: Machine Screw - Cheesehead - M4 | B7: Panel Mounting | C7: 16 | D7: 0.1 | E7: =Table33567891011121314[[#This Row],[Approx Cost Per Unit]]*Table33567891011121314[[#This Row],[QTY]] -> 1.6 | F7: Slotted - 0.5" Long - Cheesehead for aesthetics only. Substitute with whatever you like
A8: Machine Screw - Panhead - M5 | B8: Panel Mounting | C8: 10 | D8: 0.1 | E8: =Table33567891011121314[[#This Row],[Approx Cost Per Unit]]*Table33567891011121314[[#This Row],[QTY]] -> 1 | F8: Robertson - 0.5" Long
A9: Rivnut | B9: Panel Mounting | C9: 16 | D9: 0.1 | E9: =Table33567891011121314[[#This Row],[Approx Cost Per Unit]]*Table33567891011121314[[#This Row],[QTY]] -> 1.6 | F9: M4 - Steel or Aluminum
A10: Upper Panel Mount - Center | B10: Mounting Plate | C10: 1 | D10: 5 | E10: =Table33567891011121314[[#This Row],[Approx Cost Per Unit]]*Table33567891011121314[[#This Row],[QTY]] -> 5 | F10: Dimensions, bend angle, and hole pattern as per Solidworks file
A11: Upper Panel Mount - Wing | B11: Mounting Plate | C11: 2 | D11: 5 | E11: =Table33567891011121314[[#This Row],[Approx Cost Per Unit]]*Table33567891011121314[[#This Row],[QTY]] -> 10 | F11: Dimensions, bend angle, and hole pattern as per Solidworks file
A12: Washer - M3 | B12: Bracket Mounting | C12: 8 | D12: 0.05 | E12: =Table33567891011121314[[#This Row],[Approx Cost Per Unit]]*Table33567891011121314[[#This Row],[QTY]] -> 0.4 | F12: -
A13: Washer - M5 | B13: Panel Mounting | C13: 20 | D13: 0.05 | E13: =Table33567891011121314[[#This Row],[Approx Cost Per Unit]]*Table33567891011121314[[#This Row],[QTY]] -> 1 | F13: -
A14: Wingnut - M5 | B14: Panel Mounting | C14: 10 | D14: 0.25 | E14: =Table33567891011121314[[#This Row],[Approx Cost Per Unit]]*Table33567891011121314[[#This Row],[QTY]] -> 2.5 | F14: -
A15: Nylon Stand-Off | B15: Circuit Mounting | C15: 20 | D15: 0.5 | E15: =Table33567891011121314[[#This Row],[Approx Cost Per Unit]]*Table33567891011121314[[#This Row],[QTY]] -> 10 | F15: #6UNC - 0.5" Long
D17: Approximate Total Cost | E17: =SUM(Table33567891011121314[Approx Cost]) -> 48.7

Sheet Bar Graph Circuit
A1: Bar Graph Circuit - Part List
A2: Name | B2: Use | C2: QTY | D2: Approx Price Per Unit | E2: Approx Cost | F2: Notes
A3: 1 MΩ Resistance | B3: Pulldown Resistor | C3: 7 | D3: 0.05 | E3: =Table335678[[#This Row],[Approx Price Per Unit]]*Table335678[[#This Row],[QTY]] -> 0.35 | F3: 0.25 W - Axial Through Hole
A4: 12 kΩ Resistance | B4: Comparator Reference Divider | C4: 1 | D4: 0.05 | E4: =Table335678[[#This Row],[Approx Price Per Unit]]*Table335678[[#This Row],[QTY]] -> 0.05 | F4: 0.25 W - Axial Through Hole
A5: 18 kΩ Resistance | B5: Comparator Reference Divider | C5: 1 | D5: 0.05 | E5: =Table335678[[#This Row],[Approx Price Per Unit]]*Table335678[[#This Row],[QTY]] -> 0.05 | F5: 0.25 W - Axial Through Hole
A6: 2 kΩ Resistance | B6: Comparator Reference Divider | C6: 1 | D6: 0.05 | E6: =Table335678[[#This Row],[Approx Price Per Unit]]*Table335678[[#This Row],[QTY]] -> 0.05 | F6: 0.25 W - Axial Through Hole
A7: 2 Position Screw Terminal | B7: Wire-to-board connection | C7: 2 | D7: 0.65 | E7: =Table335678[[#This Row],[Approx Price Per Unit]]*Table335678[[#This Row],[QTY]] -> 1.3 | F7: 0.1" pitch - 16-30AWG
A8: 20 kΩ Resistance | B8: Comparator Reference Divider | C8: 4 | D8: 0.05 | E8: =Table335678[[#This Row],[Approx Price Per Unit]]*Table335678[[#This Row],[QTY]] -> 0.2 | F8: 0.25 W - Axial Through Hole
A9: 24 kΩ Resistance | B9: Comparator Reference Divider | C9: 1 | D9: 0.05 | E9: =Table335678[[#This Row],[Approx Price Per Unit]]*Table335678[[#This Row],[QTY]] -> 0.05 | F9: 0.25 W - Axial Through Hole
A10: 3 kΩ Resistance | B10: Comparator Reference Divider | C10: 1 | D10: 0.05 | E10: =Table335678[[#This Row],[Approx Price Per Unit]]*Table335678[[#This Row],[QTY]] -> 0.05 | F10: 0.25 W - Axial Through Hole
A11: 30 kΩ Resistance | B11: Comparator Reference Divider | C11: 2 | D11: 0.05 | E11: =Table335678[[#This Row],[Approx Price Per Unit]]*Table335678[[#This Row],[QTY]] -> 0.1 | F11: 0.25 W - Axial Through Hole
A12: 56 kΩ Resistance | B12: Comparator Reference Divider | C12: 1 | D12: 0.05 | E12: =Table335678[[#This Row],[Approx Price Per Unit]]*Table335678[[#This Row],[QTY]] -> 0.05 | F12: 0.25 W - Axial Through Hole
A13: 6 Position Screw Terminal | B13: Wire-to-board connection | C13: 1 | D13: 2.35 | E13: =Table335678[[#This Row],[Approx Price Per Unit]]*Table335678[[#This Row],[QTY]] -> 2.35 | F13: 0.1" pitch - 16-30AWG
A14: Hook-up Wire | B14: - | C14: 3 | D14: 0.3 | E14: =Table335678[[#This Row],[Approx Price Per Unit]]*Table335678[[#This Row],[QTY]] -> 0.9 | F14: Assuming 3ft of 22AWG solid core - various colors preferred
... A18: P-Type Mosfet | B18: Isolation/Amplification | C18: 6 | D18: 0.95 | E18: =Table335678[[#This Row],[Approx Price Per Unit]]*Table335678[[#This Row],[QTY]] -> 5.7 | F18: Part Number: GSFH0625 (Good-Ark Semiconductor)
D20: Approx Total Cost | E20: =SUM(Table335678[Approx Cost]) -> 20.3

Sheet Siren Trigger Circuit
A1: Siren Trigger Circuit - Part List
A2: Name | B2: Use | C2: QTY | D2: Approx Price Per Unit | E2: Approx Cost | F2: Notes
A3: 1 MΩ Resistance | B3: Pulldown Resistor | C3: 3 | D3: 0.05 | E3: =Table3356789[[#This Row],[Approx Price Per Unit]]*Table3356789[[#This Row],[QTY]] -> 0.15 | F3: 0.25 W - Axial Through Hole
A4: 2 Position Screw Terminal | B4: Wire-to-board connection | C4: 3 | D4: 0.65 | E4: =Table3356789[[#This Row],[Approx Price Per Unit]]*Table3356789[[#This Row],[QTY]] -> 1.95 | F4: 0.1" pitch
A5: 200 kΩ Resistance | B5: Comparator Reference Divider | C5: 1 | D5: 0.05 | E5: =Table3356789[[#This Row],[Approx Price Per Unit]]*Table3356789[[#This Row],[QTY]] -> 0.05 | F5: 0.25 W - Axial Through Hole
A6: 470 kΩ Resistance | B6: Comparator Reference Divider | C6: 1 | D6: 0.05 | E6: =Table3356789[[#This Row],[Approx Price Per Unit]]*Table3356789[[#This Row],[QTY]] -> 0.05 | F6: 0.25 W - Axial Through Hole
A7: IC Socket | B7: IC-to-board connection | C7: 1 | D7: 0.2 | E7: =Table3356789[[#This Row],[Approx Price Per Unit]]*Table3356789[[#This Row],[QTY]] -> 0.2 | F7: DIP-14
A8: LM324 Op-Amp | B8: Comparator Trigger | C8: 1 | D8: 0.35 | E8: =Table3356789[[#This Row],[Approx Price Per Unit]]*Table3356789[[#This Row],[QTY]] -> 0.35 | F8: Part Number: LM324N (Texas Instruments)
A9: Protoboard | B9: Circuit PCB | C9: 1 | D9: 5 | E9: =Table3356789[[#This Row],[Approx Price Per Unit]]*Table3356789[[#This Row],[QTY]] -> 5 | F9: 31mm x 76mm - 0.1" Pitch - Bus type board preferred
A10: P-Type Mosfet | B10: Isolation/Amplification | C10: 1 | D10: 0.95 | E10: =Table3356789[[#This Row],[Approx Price Per Unit]]*Table3356789[[#This Row],[QTY]] -> 0.95 | F10: Part Number: GSFH0625 (Good-Ark Semiconductor)
D12: Approx Total Cost | E12: =SUM(Table3356789[Approx Cost]) -> 8.7

Sheet Selector Switch Circuit
A1: Selector Switch Circuit - Part List
A2: *NOTE: Assumes 2 switch circuit with 6 positions each
A3: Name | B3: Use | C3: QTY | D3: Approx Cost Per Unit | E3: Approx Cost | F3: Notes
A4: 1 MΩ Resistance | B4: Pulldown Resistor | C4: 2 | D4: 0.05 | E4: =Table335678910[[#This Row],[Approx Cost Per Unit]]*Table335678910[[#This Row],[QTY]] -> 0.1 | F4: 0.25 W - Axial Through Hole
A5: 2 Position Screw Terminal | B5: Wire-to-board connection | C5: 2 | D5: 0.65 | E5: =Table335678910[[#This Row],[Approx Cost Per Unit]]*Table335678910[[#This Row],[QTY]] -> 1.3 | F5: 0.1" pitch
A6: 6 Position Screw Terminal | B6: Wire-to-board connection | C6: 2 | D6: 2.35 | E6: =Table335678910[[#This Row],[Approx Cost Per Unit]]*Table335678910[[#This Row],[QTY]] -> 4.7 | F6: 0.1" pitch
A7: Protoboard | B7: Circuit PCB | C7: 1 | D7: 5 | E7: =Table335678910[[#This Row],[Approx Cost Per Unit]]*Table335678910[[#This Row],[QTY]] -> 5 | F7: 31mm x 76mm - 0.1" Pitch - Bus type board preferred
D9: Approx Total Cost | E9: =SUM(Table335678910[Approx Cost]) -> 11.1

Sheet Pull Down Circuit
A1: Pull Down Circuit - Part List
A2: *NOTE: Assumes 8 position circuit
A3: Name | B3: Use | C3: QTY | D3: Approx Cost per Unit | E3: Approx Cost | F3: Notes
A4: 1 MΩ Resistance | B4: Pulldown Resistor | C4: 8 | D4: 0.05 | E4: =Table33567891011[[#This Row],[QTY]]*Table33567891011[[#This Row],[Approx Cost per Unit]] -> 0.4 | F4: 0.25 W - Axial Through Hole
A5: 2 Position Screw Terminal | B5: Wire-to-board connection | C5: 9 | D5: 0.65 | E5: =Table33567891011[[#This Row],[QTY]]*Table33567891011[[#This Row],[Approx Cost per Unit]] -> 5.85 | F5: 0.1" pitch
A6: Protoboard | B6: Circuit PCB | C6: 1 | D6: 5 | E6: =Table33567891011[[#This Row],[QTY]]*Table33567891011[[#This Row],[Approx Cost per Unit]] -> 5 | F6: 31mm x 76mm - 0.1" Pitch - Bus type board preferred
D8: Approximate Total Cost | E8: =SUM(Table33567891011[Approx Cost]) -> 11.25

Sheet Wiring Harness
A1: Wiring Harness - Part List
A2: Name | B2: Use | C2: QTY | D2: Approx Price per Unit | E2: Approx Cost | F2: Notes
A3: Wire | B3: - | C3: 50 | D3: 0.3 | E3: =Table3356789101112[[#This Row],[Approx Price per Unit]]*Table3356789101112[[#This Row],[QTY]] -> 15 | F3: 20-22AWG - 50ft - Four separate colors prefered (12V, 5V, Signal, Ground) - Can substitute for multiconductor cable were appropriate.
A4: Fork Terminal (Red) | B4: Electrical Connections | C4: 25 | D4: 0.1 | E4: =Table3356789101112[[#This Row],[Approx Price per Unit]]*Table3356789101112[[#This Row],[QTY]] -> 2.5
A5: Butt Splice Connector (Red) | B5: Electrical Connections | C5: 25 | D5: 0.1 | E5: =Table3356789101112[[#This Row],[Approx Price per Unit]]*Table3356789101112[[#This Row],[QTY]] -> 2.5
A6: Fork Terminal (Blue) | B6: Electrical Connections | C6: 10 | D6: 0.1 | E6: =Table3356789101112[[#This Row],[Approx Price per Unit]]*Table3356789101112[[#This Row],[QTY]] -> 1
A7: Butt Splice Connector (Blue) | B7: Electrical Connections | C7: 20 | D7: 0.1 | E7: =Table3356789101112[[#This Row],[Approx Price per Unit]]*Table3356789101112[[#This Row],[QTY]] -> 2
A8: 10-Pin Molex Connector (Female) | B8: Quick Disconnect between panel and simulator | C8: 6 | D8: 1.25 | E8: =Table3356789101112[[#This Row],[Approx Price per Unit]]*Table3356789101112[[#This Row],[QTY]] -> 7.5
A9: 8-Pin Molex Connector (Female) | B9: Quick Disconnect between panel and simulator | C9: 2 | D9: 1.25 | E9: =Table3356789101112[[#This Row],[Approx Price per Unit]]*Table3356789101112[[#This Row],[QTY]] -> 2.5
A10: 4-Pin Molex Connector (Female) | B10: Quick Disconnect between panel and simulator | C10: 1 | D10: 1.25 | E10: =Table3356789101112[[#This Row],[Approx Price per Unit]]*Table3356789101112[[#This Row],[QTY]] -> 1.25
A11: 3-Pin Molex Connector (Female) | B11: Quick Disconnect between panel and simulator | C11: 1 | D11: 1.25 | E11: =Table3356789101112[[#This Row],[Approx Price per Unit]]*Table3356789101112[[#This Row],[QTY]] -> 1.25
A12: 2-Pin Molex Connector (Female) | B12: Quick Disconnect between panel and simulator | C12: 3 | D12: 1.25 | E12: =Table3356789101112[[#This Row],[Approx Price per Unit]]*Table3356789101112[[#This Row],[QTY]] -> 3.75
A13: 40-pin GPIO connector ribbon cable | B13: Quick Disconnect between controls and Raspberry Pi | C13: 1 | D13: 5 | E13: =Table3356789101112[[#This Row],[Approx Price per Unit]]*Table3356789101112[[#This Row],[QTY]] -> 5
D15: Approx Total Cost | E15: =SUM(E3:E12) -> 39.25
